Feature 1,Feature 2,Feature 3,Feature 4,Feature 5,Feature 6,Feature 7,Feature 8,Feature 9,Feature 10,Feature 11,Feature 12,Feature 13,Feature 14,Label
26.75,4.5,2.5,0,200,1211,1,0,0,0,2,1,5,8,0
42.08,1.04,5.0,6,500,10001,1,1,1,1,2,2,4,9,1
35.25,16.5,4.0,0,80,1,1,1,0,0,2,1,4,8,0
41.58,1.75,0.21,0,160,1,1,1,0,0,2,2,4,4,0
42.0,9.79,7.96,8,0,1,1,1,1,0,2,2,8,14,1
27.25,0.625,0.455,0,200,1,1,1,0,1,2,2,4,6,0
40.0,6.5,3.5,1,0,501,1,1,1,0,2,2,5,6,1
25.58,0.0,0.0,0,184,1,0,0,0,0,3,2,4,8,1
16.17,0.04,0.04,0,0,1,1,0,0,0,2,2,4,8,1
27.25,1.665,5.085,9,399,828,1,1,1,0,2,2,8,13,1
25.83,12.835,0.5,0,0,3,1,0,0,0,2,2,4,13,0
18.17,2.46,0.96,2,160,588,1,0,1,1,2,2,7,8,0
20.5,11.835,6.0,0,340,1,0,1,0,0,2,2,8,8,1
22.33,11.0,2.0,1,80,279,1,1,1,0,2,2,4,9,1
22.75,6.165,0.165,0,220,1001,0,0,0,0,2,2,4,6,0
22.67,10.5,1.335,0,100,1,1,1,0,0,2,2,8,11,1
37.75,5.5,0.125,0,228,1,0,1,0,1,2,2,4,11,1
33.08,1.625,0.54,0,0,1,0,0,0,1,2,2,4,2,0
32.0,6.0,1.25,0,272,1,0,0,0,0,2,2,4,2,0
20.42,1.835,2.25,1,100,151,1,1,1,0,2,2,4,8,1
32.33,0.54,0.04,0,440,11178,0,1,0,0,2,2,4,13,1
15.83,7.625,0.125,1,0,161,0,0,1,1,2,2,4,11,0
56.42,28.0,28.5,40,0,16,1,1,1,0,2,1,4,8,1
29.83,1.25,0.25,0,224,1,1,0,0,0,2,1,4,4,0
23.0,1.835,0.0,1,200,54,0,0,1,0,2,2,3,5,0
41.75,0.96,2.5,0,510,601,1,1,0,0,2,2,4,14,1
38.67,0.21,0.085,0,280,1,1,1,0,1,2,2,4,4,1
57.83,7.04,14.0,6,360,1333,1,1,1,1,2,2,4,7,1
27.83,1.0,3.0,0,176,538,1,0,0,0,2,1,8,2,0
22.67,0.75,1.585,1,400,10,1,0,1,1,2,2,4,3,0
17.83,11.0,1.0,11,0,3001,0,1,1,0,2,2,8,14,1
37.58,0.0,0.0,0,184,1,1,0,0,0,3,2,4,8,1
22.42,5.665,2.585,7,129,3258,0,1,1,0,2,2,4,11,1
23.08,11.5,3.5,9,56,743,1,1,1,0,2,2,4,3,1
29.92,1.835,4.335,0,260,201,1,1,0,0,2,2,8,8,1
46.08,3.0,2.375,8,396,4160,0,1,1,1,2,2,4,8,1
40.25,21.5,20.0,11,0,1201,1,1,1,0,2,2,9,10,1
26.08,8.665,1.415,0,160,151,0,1,0,0,2,2,4,6,1
16.08,0.75,1.75,5,352,691,1,1,1,1,2,2,4,8,1
32.42,2.165,0.0,0,120,1,1,0,0,0,2,1,1,4,0
32.25,14.0,0.0,2,160,2,1,0,1,0,2,1,1,1,0
39.92,6.21,0.04,1,200,301,1,1,1,0,2,2,4,11,1
21.33,10.5,3.0,0,0,1,1,1,0,1,2,2,4,8,1
30.25,5.5,5.5,0,100,1,0,0,0,1,1,2,4,4,0
24.58,12.5,0.875,0,260,1,1,1,0,1,2,2,4,9,0
18.83,9.54,0.085,0,100,1,0,1,0,0,2,2,4,6,1
23.42,1.0,0.5,0,280,1,1,0,0,1,1,2,4,8,0
59.5,2.75,1.75,5,60,59,1,1,1,1,2,2,4,9,1
28.25,5.125,4.75,2,420,8,1,1,1,0,2,2,4,14,1
37.33,2.5,0.21,0,260,247,0,0,0,0,2,2,8,3,0
22.58,10.04,0.04,9,60,397,1,1,1,0,2,2,4,14,1
56.75,12.25,1.25,4,200,1,1,1,1,1,2,2,4,7,1
28.67,14.5,0.125,0,0,287,1,0,0,0,2,2,4,2,0
74.83,19.0,0.04,2,0,352,1,0,1,0,2,1,1,1,0
60.08,14.5,18.0,15,0,1001,1,1,1,1,2,2,1,1,1
21.75,1.75,0.0,0,160,1,0,0,0,0,2,1,3,5,0
45.0,4.585,1.0,0,240,1,0,0,0,1,1,2,8,4,0
21.83,0.25,0.665,0,0,1,1,1,0,1,2,2,8,2,1
22.58,1.5,0.54,0,120,68,1,0,0,1,2,1,4,6,0
43.17,5.0,2.25,0,141,1,1,0,0,1,2,2,5,3,0
40.92,0.835,0.0,0,130,2,1,1,0,0,2,2,1,1,0
29.58,4.5,7.5,2,330,1,1,1,1,1,2,2,4,9,1
28.0,2.0,4.165,2,181,1,1,1,1,1,2,2,8,4,1
67.75,5.5,13.0,1,0,1,1,1,1,1,2,2,9,10,1
18.08,6.75,0.04,0,140,1,1,0,0,0,2,1,4,7,0
19.5,0.29,0.29,0,280,365,1,0,0,0,2,2,4,4,0
22.08,11.46,1.585,0,100,1213,1,0,0,1,2,2,4,4,0
62.5,12.75,5.0,0,112,1,1,1,0,0,2,1,8,8,0
27.25,1.585,1.835,12,583,714,1,1,1,1,2,2,8,13,1
24.08,0.875,0.085,4,254,1951,1,0,1,0,2,2,4,7,0
47.33,6.5,1.0,0,0,229,1,0,0,1,2,2,4,8,0
19.5,0.165,0.04,0,380,1,0,0,0,1,2,2,4,11,0
19.33,10.915,0.585,2,200,8,1,0,1,1,2,2,5,8,0
22.75,11.0,2.5,7,100,810,1,1,1,1,2,2,4,11,1
23.33,1.5,1.415,0,422,201,1,1,0,0,2,2,8,8,1
48.5,4.25,0.125,0,225,1,1,1,0,1,2,2,4,7,1
27.67,2.04,0.25,0,180,51,0,0,0,1,2,2,4,9,0
36.58,0.29,0.0,10,200,19,0,0,1,0,2,2,1,1,0
56.0,12.5,8.0,0,24,2029,1,1,0,1,2,2,8,4,1
35.17,3.75,0.0,6,0,201,0,0,1,0,2,2,1,1,0
21.92,0.54,0.04,1,840,60,1,1,1,1,2,1,4,14,1
20.67,0.415,0.125,0,0,45,1,0,0,0,2,2,4,8,0
34.92,5.0,7.5,6,0,1001,1,1,1,1,2,2,8,14,1
40.58,5.0,5.0,7,0,3066,1,1,1,0,2,2,4,8,1
25.5,0.375,0.25,3,260,15109,1,1,1,0,2,2,4,7,1
25.67,2.21,4.0,0,188,1,1,1,0,0,2,1,4,6,0
17.58,10.0,0.165,1,120,2,1,0,1,0,2,2,8,9,0
24.42,2.0,0.165,2,320,1301,1,0,1,0,2,2,2,10,0
19.0,0.0,0.0,4,45,2,1,0,1,0,2,1,1,1,0
32.33,3.5,0.5,0,232,1,1,0,0,1,2,2,4,4,0
23.75,0.71,0.25,1,240,5,0,0,1,1,2,2,4,9,0
36.67,3.25,9.0,0,102,640,1,1,0,1,2,2,8,11,1
35.17,2.5,4.5,7,150,1271,1,1,1,0,2,2,4,4,1
43.17,2.25,0.75,0,560,1,1,1,0,0,2,2,5,3,0
21.42,0.75,0.75,0,132,3,1,0,0,1,2,1,7,12,0
20.67,5.29,0.375,1,160,1,1,1,1,0,2,2,4,11,0
26.92,13.5,5.0,2,0,5001,0,1,1,0,2,2,8,11,1
24.83,4.5,1.0,0,360,7,0,0,0,1,2,2,4,9,0
25.0,12.33,3.5,6,400,459,0,1,1,0,2,2,8,13,1
29.58,4.75,2.0,1,460,69,1,0,1,1,2,2,4,7,0
26.17,0.835,1.165,0,100,1,1,0,0,0,2,2,4,13,0
31.57,0.625,0.25,0,380,2011,1,0,0,0,2,2,4,4,0
49.17,2.29,0.29,0,200,4,1,0,0,0,2,2,1,1,0
39.17,1.625,1.5,10,186,4701,1,1,1,0,2,2,4,8,1
25.58,0.335,3.5,0,340,1,1,0,0,1,2,2,8,4,0
19.42,7.25,0.04,1,100,2,1,0,1,0,2,2,4,7,0
24.58,13.5,0.0,0,184,1,1,0,0,0,2,1,1,1,0
44.25,11.0,1.5,0,0,1,1,1,0,0,1,1,4,2,0
43.0,0.29,1.75,8,100,376,1,1,1,0,2,1,8,13,1
25.75,0.75,0.25,0,349,24,1,1,0,0,2,2,5,8,1
44.83,7.0,1.625,0,160,3,1,0,0,0,2,1,4,8,0
40.33,8.125,0.165,2,184,19,0,0,1,0,2,1,4,4,0
31.25,2.835,0.0,5,176,147,1,0,1,0,2,2,1,1,0
16.92,0.5,0.165,6,240,36,0,0,1,1,2,2,4,3,0
23.58,1.79,0.54,0,136,2,1,0,0,1,2,2,4,8,0
42.83,1.25,13.875,1,352,113,1,0,1,1,2,2,4,7,0
30.67,2.5,2.25,0,340,1,1,0,0,1,1,2,8,13,0
33.17,1.0,0.75,7,340,4072,1,1,1,1,2,2,4,14,1
34.92,2.5,0.0,0,239,201,1,1,0,1,2,2,4,9,1
51.33,10.0,0.0,11,0,1250,1,1,1,0,2,2,5,3,1
23.58,0.585,0.125,0,120,88,0,0,0,0,2,1,1,1,0
20.0,11.045,2.0,0,136,1,1,0,0,1,2,2,4,8,0
48.17,3.5,3.5,0,230,1,1,1,0,0,1,2,4,6,1
31.0,2.085,0.085,0,300,1,1,0,0,0,2,2,4,8,0
21.83,11.0,0.29,6,121,1,1,1,1,0,2,2,4,14,1
47.83,4.165,0.085,0,520,1,1,0,0,1,2,2,5,14,0
20.42,7.5,1.5,1,160,235,0,1,1,0,2,2,4,4,1
48.75,8.5,12.5,9,181,1656,1,1,1,0,2,2,8,8,1
18.58,10.0,0.415,0,80,43,0,0,0,0,2,2,4,2,0
22.92,0.17,0.085,0,0,1,1,0,0,0,1,2,4,7,0
30.08,1.04,0.5,10,132,29,1,1,1,1,2,1,5,3,0
39.33,5.875,10.0,14,399,1,1,1,1,1,2,2,8,13,1
22.25,9.0,0.085,0,0,1,1,0,0,0,2,2,4,6,0
18.92,9.0,0.75,2,88,592,0,1,1,0,2,2,4,6,1
41.17,1.25,0.25,0,0,196,1,0,0,0,2,1,4,9,0
35.0,3.375,8.29,0,0,1,1,0,0,1,2,2,8,8,0
23.42,0.79,1.5,2,80,401,0,1,1,1,2,1,4,11,1
20.75,10.25,0.71,2,49,1,0,1,1,1,2,2,4,11,1
34.83,4.0,12.5,0,184,1,1,1,0,1,2,2,5,2,0
34.08,6.5,0.125,0,443,1,1,1,0,1,2,2,4,6,0
31.75,3.0,0.0,0,160,21,0,0,0,0,2,1,3,5,0
41.42,5.0,5.0,6,470,1,1,1,1,1,2,2,8,11,1
34.17,5.25,0.085,0,290,7,1,0,0,1,2,2,4,9,1
50.75,0.585,0.0,0,145,1,1,0,0,0,2,2,1,1,0
31.08,3.085,2.5,2,160,42,1,0,1,1,2,2,4,8,0
28.92,15.0,5.335,11,0,2284,1,1,1,0,2,2,8,8,1
26.58,2.54,0.0,0,180,61,0,0,0,1,2,1,1,1,0
44.17,6.665,7.375,3,0,1,0,1,1,1,2,2,4,11,1
25.08,1.71,1.665,1,395,21,1,1,1,1,2,2,4,14,1
20.67,0.835,2.0,0,240,1,1,0,0,1,1,1,4,8,0
52.83,15.0,5.5,14,0,2201,0,1,1,0,2,2,4,8,1
25.75,0.5,0.875,0,491,1,0,1,0,1,2,2,8,8,1
36.17,0.42,0.29,0,309,3,1,0,0,1,2,1,4,9,0
25.42,1.125,1.29,2,200,1,0,1,1,0,2,2,4,11,0
40.58,3.29,3.5,0,400,1,1,0,0,1,1,2,4,7,0
33.75,0.75,1.0,3,212,1,0,1,1,1,2,2,5,4,0
26.25,1.54,0.125,0,100,1,1,0,0,0,2,2,4,9,0
28.58,1.665,2.415,0,440,1,0,1,0,1,2,2,4,11,0
26.75,2.0,0.75,0,80,1,1,0,0,1,2,2,4,2,0
20.75,10.335,0.335,1,80,51,0,1,1,1,2,2,8,13,1
21.75,11.75,0.25,0,180,1,0,0,0,1,2,2,4,8,0
33.0,2.5,7.0,0,280,1,1,0,0,1,2,1,4,9,0
21.25,1.5,1.5,0,150,9,1,0,0,0,2,2,4,9,1
22.08,2.335,0.75,0,180,1,1,0,0,0,2,2,4,4,0
24.58,1.25,0.25,0,110,1,1,0,0,0,2,2,4,8,0
31.57,5.0,8.5,0,0,1,1,1,0,0,2,1,4,6,0
22.25,0.46,0.125,0,280,56,1,0,0,1,2,2,4,4,0
26.92,2.25,0.5,0,640,4001,1,0,0,1,2,2,5,3,0
18.5,2.0,1.5,2,120,301,1,1,1,0,2,2,4,3,1
21.67,1.165,2.5,1,180,21,1,1,1,0,2,1,4,4,0
30.58,10.665,0.085,12,129,4,0,0,1,1,2,2,8,11,0
21.92,11.665,0.085,0,320,6,0,0,0,0,2,2,8,4,0
38.33,4.415,0.125,0,160,1,0,0,0,0,2,2,4,8,0
22.5,8.5,1.75,10,80,991,0,1,1,0,2,2,4,11,0
23.17,11.125,0.46,1,100,1,1,1,1,0,2,2,8,14,1
41.58,1.04,0.665,0,240,238,0,0,0,0,2,2,4,6,0
16.25,0.835,0.085,0,200,1,1,1,0,0,1,2,4,7,0
23.25,5.875,3.17,10,120,246,0,1,1,0,2,2,4,11,1
25.25,12.5,1.0,0,180,1063,0,0,0,1,2,2,4,2,0
27.75,1.29,0.25,0,140,1,1,0,0,1,1,2,8,4,0
59.67,1.54,0.125,0,260,1,1,1,0,1,2,2,4,11,1
23.08,2.5,1.085,11,60,2185,1,1,1,1,2,2,4,8,1
31.57,4.0,5.0,3,290,2280,1,1,1,1,2,2,4,14,1
35.17,4.5,5.75,0,711,1,1,0,0,1,1,2,8,14,1
19.67,0.375,2.0,2,80,1,1,1,1,1,2,2,4,11,1
65.42,11.0,20.0,7,22,1,1,1,1,1,2,2,9,10,1
17.5,22.0,0.0,0,450,100001,1,0,0,1,3,3,7,1,1
28.42,3.5,0.835,0,280,1,0,1,0,0,1,2,4,9,1
36.33,3.79,1.165,0,200,1,1,1,0,1,2,2,4,9,0
24.75,0.54,1.0,0,120,2,1,0,0,1,2,2,4,7,0
18.08,5.5,0.5,0,80,1,1,1,0,0,2,2,4,4,1
34.08,2.5,1.0,0,460,17,1,0,0,0,2,2,4,8,0
47.25,0.75,2.75,1,333,893,0,1,1,0,2,2,8,11,1
52.42,1.5,3.75,0,0,351,1,0,0,1,2,2,4,2,0
27.75,0.585,0.25,2,260,501,1,1,1,0,2,1,4,13,1
57.58,2.0,6.5,1,0,11,0,0,1,0,2,2,1,1,0
76.75,22.29,12.75,1,0,110,1,1,1,1,2,2,9,10,1
37.75,7.0,11.5,7,300,6,1,1,1,1,2,2,8,11,0
27.25,0.29,0.125,1,272,109,0,0,1,1,2,2,8,7,0
18.25,0.165,0.25,0,280,1,1,0,0,1,1,2,4,2,0
20.08,0.125,1.0,1,240,769,0,0,1,0,2,2,4,11,1
25.17,3.5,0.625,7,0,7060,1,1,1,0,2,2,4,13,1
23.58,0.835,0.085,0,220,6,1,0,0,1,2,2,8,3,0
22.67,0.79,0.085,0,144,1,0,0,0,0,2,2,4,3,0
31.57,0.375,0.875,0,928,1,1,1,0,1,1,2,4,2,0
25.0,11.25,2.5,17,200,1209,1,1,1,0,2,2,4,8,1
21.67,11.5,0.0,11,0,1,0,1,1,1,2,1,3,5,1
45.33,1.0,0.125,0,263,1,0,0,0,1,2,2,4,11,0
55.75,7.08,6.75,3,100,51,0,1,1,1,2,2,8,4,0
24.08,0.5,1.25,1,0,679,0,1,1,0,2,2,8,11,1
23.0,0.75,0.5,0,320,1,1,1,0,1,1,2,4,7,0
15.75,0.375,1.0,0,120,19,0,0,0,0,2,2,4,8,0
55.92,11.5,5.0,5,0,8852,1,1,1,0,2,2,1,1,1
42.17,5.04,12.75,0,92,1,1,1,0,1,2,2,8,11,1
26.17,2.0,0.0,0,276,2,0,0,0,1,2,2,3,5,0
49.5,7.585,7.585,15,0,5001,1,1,1,1,2,2,5,3,1
56.5,16.0,0.0,15,0,248,0,1,1,0,2,2,1,5,1
25.17,2.875,0.875,0,360,1,0,1,0,0,2,2,8,14,1
49.0,1.5,0.0,0,100,28,0,1,0,1,2,2,3,5,0
50.25,0.835,0.5,0,240,118,0,0,0,1,2,2,4,6,0
36.75,4.71,0.0,0,160,1,0,0,0,0,2,2,1,1,0
27.17,1.25,0.0,1,92,301,0,0,1,0,2,2,1,1,0
17.08,0.25,0.335,4,160,9,1,0,1,0,2,2,4,11,0
23.17,0.0,0.085,0,0,1,1,1,0,0,2,2,4,13,1
22.92,1.25,0.25,0,120,810,0,0,0,1,2,2,4,11,0
35.42,12.0,14.0,8,0,6591,0,1,1,0,2,2,8,11,1
15.83,0.585,1.5,2,100,1,0,1,1,0,2,2,8,8,1
35.0,2.5,1.0,0,210,1,1,0,0,1,2,2,4,3,0
29.83,2.04,0.04,0,128,2,1,0,0,0,2,1,8,14,0
27.67,0.75,0.165,0,220,252,1,0,0,1,2,2,8,11,0
18.83,9.5,1.625,6,40,601,0,1,1,1,2,2,4,9,1
47.75,8.0,7.875,6,0,1261,0,1,1,1,2,2,4,8,1
30.17,0.5,1.75,11,32,541,1,1,1,0,2,2,4,8,1
38.25,6.0,1.0,0,0,1,0,1,0,1,2,2,4,4,1
30.75,1.585,0.585,0,0,1,1,0,0,1,1,2,4,2,0
24.92,1.25,0.0,0,80,1,0,1,0,0,2,2,1,1,0
21.08,10.085,1.25,0,260,1,1,0,0,0,2,1,8,10,0
43.08,0.375,0.375,8,300,163,1,1,1,1,2,1,4,8,1
21.5,11.5,0.5,0,100,69,1,1,0,1,2,2,4,3,0
31.25,3.75,0.625,9,181,1,0,1,1,1,2,2,8,13,1
47.42,3.0,13.875,2,519,1705,0,1,1,1,2,2,4,14,1
20.17,8.17,1.96,14,60,159,1,1,1,0,2,2,4,6,1
23.08,11.5,2.125,11,290,285,1,1,1,1,2,2,8,9,1
31.92,4.46,6.04,3,311,301,1,1,1,0,2,2,8,13,1
15.92,2.875,0.085,0,120,1,0,0,0,0,2,2,4,11,0
26.67,2.71,5.25,1,211,1,1,1,1,0,2,1,4,13,1
23.25,1.5,2.375,3,0,583,1,1,1,1,2,2,4,11,1
39.5,4.25,6.5,16,117,1211,1,1,1,0,2,2,5,8,1
37.33,6.5,4.25,12,93,1,1,1,1,1,2,2,8,7,1
53.92,9.625,8.665,5,0,1,1,1,1,0,2,2,4,10,1
20.42,0.835,1.585,1,0,1,0,1,1,0,2,2,4,11,1
33.67,0.375,0.375,0,300,45,0,0,0,0,2,2,4,13,1
20.42,10.5,0.0,0,154,33,0,0,0,1,2,1,8,14,0
24.33,2.5,4.5,0,200,457,0,0,0,0,2,1,5,3,0
25.0,11.0,4.5,0,120,1,0,1,0,0,2,1,4,6,0
34.42,1.335,0.125,0,440,4501,1,0,0,1,2,2,5,3,0
19.58,0.665,1.665,0,220,6,0,0,0,0,2,2,4,9,0
40.33,7.54,8.0,14,0,2301,0,1,1,0,2,1,8,11,1
25.25,13.5,2.0,1,200,2,0,0,1,1,2,1,1,1,0
21.17,0.0,0.5,0,0,1,1,0,0,1,1,2,4,8,0
20.17,5.625,1.71,0,120,1,1,1,0,0,1,2,4,9,1
18.83,0.0,0.665,0,160,2,1,0,0,0,2,2,4,11,0
37.17,4.0,5.0,0,280,1,1,1,0,1,1,2,5,8,0
23.58,0.83,0.415,1,200,12,0,0,1,1,2,2,4,11,0
16.33,4.085,0.415,0,120,1,1,0,0,1,2,2,8,3,0
16.33,2.75,0.665,1,80,22,1,0,1,0,2,2,4,6,0
62.75,7.0,0.0,0,0,13,1,0,0,0,2,2,9,10,0
20.33,10.0,1.0,4,50,1466,0,1,1,0,2,2,8,8,1
33.17,3.165,3.165,3,380,1,1,1,1,1,2,1,4,14,1
23.08,0.0,1.0,11,0,1,1,0,1,0,1,2,4,4,0
29.67,0.75,0.04,0,240,1,1,0,0,0,2,1,4,8,0
26.75,1.125,1.25,0,0,5299,1,1,0,0,2,2,8,14,1
26.5,2.71,0.085,0,80,1,0,0,0,0,1,1,4,8,0
19.17,4.0,1.0,0,360,1001,1,0,0,1,2,1,4,3,0
47.67,0.29,15.0,20,0,15001,1,1,1,0,2,2,5,8,1
24.08,9.0,0.25,0,0,1,1,0,0,1,2,2,4,6,0
26.0,1.0,1.75,0,280,1,1,1,0,1,2,2,4,11,1
36.17,18.125,0.085,0,320,3553,1,0,0,0,2,2,4,9,0
27.33,1.665,0.0,0,340,2,0,0,0,0,2,2,1,1,0
28.58,3.54,0.5,0,171,1,0,1,0,1,2,2,5,3,0
27.83,1.54,3.75,5,100,4,1,1,1,1,2,2,4,9,1
30.0,5.29,2.25,5,99,501,0,1,1,1,2,2,2,10,1
34.25,1.75,0.25,0,163,1,1,1,0,1,2,2,5,9,0
23.75,12.0,2.085,0,80,1,1,0,0,0,1,2,4,8,0
19.42,6.5,1.46,7,80,2955,1,1,1,0,2,2,8,9,1
22.83,3.0,1.29,1,260,801,1,1,1,0,2,2,4,7,1
37.5,0.835,0.04,0,120,6,1,0,0,0,2,2,4,10,0
33.58,0.335,0.085,0,180,1,1,0,0,0,2,1,4,13,0
32.67,5.5,5.5,12,408,1001,1,1,1,1,2,2,8,11,1
39.92,0.54,0.5,3,200,1001,1,1,1,0,2,1,4,6,1
21.25,2.335,0.5,4,80,1,0,1,1,0,1,2,5,3,1
27.67,13.75,5.75,0,487,501,1,1,0,1,2,2,4,9,1
28.17,0.125,0.085,0,216,2101,1,0,0,0,2,1,4,4,0
42.0,0.205,5.125,0,400,1,1,1,0,0,2,2,8,3,1
42.25,1.75,0.0,0,150,2,0,0,0,1,2,1,4,8,0
19.42,1.5,2.0,0,100,21,1,1,0,1,2,1,4,13,0
31.83,0.04,0.04,0,0,1,1,0,0,0,2,1,4,7,0
20.42,0.0,0.0,0,184,1,1,0,0,0,3,2,4,8,0
46.0,4.0,0.0,0,100,961,0,1,0,0,2,2,3,5,1
53.33,0.165,0.0,0,62,28,0,0,0,1,1,2,1,1,0
38.25,10.125,0.125,0,160,1,1,0,0,0,2,1,4,4,0
17.67,0.0,0.0,0,86,1,0,0,0,0,2,1,1,5,0
31.42,15.5,0.5,0,120,1,1,1,0,0,2,2,4,8,0
39.5,1.625,1.5,0,0,317,1,0,0,0,2,2,4,8,0
33.25,2.5,2.5,0,0,3,0,0,0,1,2,1,4,8,0
18.83,3.54,0.0,0,180,2,1,0,0,1,2,1,1,1,0
49.58,19.0,0.0,1,94,1,1,1,1,0,2,2,1,1,0
17.42,6.5,0.125,0,60,101,1,0,0,0,2,2,4,3,0
34.17,1.54,1.54,1,520,50001,1,1,1,1,2,2,4,13,1
36.08,2.54,0.0,0,0,1001,1,0,0,0,2,2,1,1,0
69.5,6.0,0.0,0,0,1,0,0,0,0,1,2,1,1,0
37.5,1.75,0.25,0,164,401,1,1,0,1,2,1,5,8,0
42.5,4.915,3.165,0,52,1443,1,1,0,1,2,1,4,9,1
40.92,2.25,10.0,0,176,1,1,1,0,1,2,1,8,14,0
24.5,1.04,0.5,3,180,148,0,1,1,0,2,1,1,1,0
34.75,2.5,0.5,0,348,1,1,0,0,0,2,2,5,13,0
25.33,2.085,2.75,0,360,2,0,1,0,1,2,2,8,8,0
23.0,11.75,0.5,2,300,552,0,1,1,1,2,2,8,14,1
31.58,0.75,3.5,0,320,1,1,0,0,1,2,1,4,6,0
58.42,21.0,10.0,13,0,6701,0,1,1,0,2,2,5,3,1
29.58,1.75,1.25,0,280,1,0,0,0,1,2,1,4,4,0
26.17,0.25,0.0,0,0,1,1,1,0,1,2,2,5,3,1
36.17,5.5,5.0,0,210,688,1,0,0,0,2,2,5,3,0
24.5,1.75,0.165,0,132,1,0,0,0,0,2,1,4,8,0
22.5,0.415,0.335,0,144,1,0,0,0,1,1,2,4,3,0
28.75,1.165,0.5,0,280,1,1,1,0,0,1,2,4,4,0
20.0,1.25,0.125,0,140,5,1,0,0,0,2,1,4,4,0
17.92,0.205,0.04,0,280,751,1,0,0,0,2,2,4,6,0
42.83,4.625,4.58,0,0,1,1,1,0,0,1,2,4,11,1
24.83,2.75,2.25,6,184,601,1,1,1,0,2,2,4,8,1
52.5,7.0,3.0,0,0,1,0,0,0,0,2,2,8,6,0
23.5,1.5,0.875,0,160,1,0,0,0,1,2,2,4,9,0
26.67,4.25,4.29,1,120,1,1,1,1,1,2,2,4,13,1
22.17,2.25,0.125,0,160,11,1,0,0,0,2,2,4,3,0
38.92,1.75,0.5,0,300,3,1,0,0,1,2,2,4,4,0
17.92,0.54,1.75,1,80,6,0,0,1,1,2,2,4,8,0
20.75,9.54,0.04,0,200,1001,0,0,0,0,2,2,4,3,0
19.58,0.665,1.0,1,2000,3,0,0,1,0,2,1,4,8,0
36.25,5.0,2.5,6,0,368,1,1,1,0,2,2,5,8,1
25.0,12.0,2.25,2,120,6,1,1,1,1,2,2,4,4,0
23.0,0.75,0.5,0,320,1,1,0,0,1,1,2,4,7,0
39.58,5.0,0.0,2,17,2,1,0,1,0,2,2,1,1,0
31.92,3.125,3.04,2,200,5,0,0,1,1,2,2,1,1,0
21.08,5.0,0.0,0,0,1,0,0,0,0,2,1,1,1,0
27.67,2.0,1.0,4,140,7545,1,1,1,0,2,2,8,14,1
34.08,0.08,0.04,1,280,2001,1,1,1,1,2,1,5,7,1
29.67,1.415,0.75,1,240,101,1,1,1,0,2,2,8,9,1
31.57,10.5,6.5,0,0,1,1,1,0,0,2,2,4,14,1
31.57,0.04,4.25,0,460,1,1,0,0,1,2,1,4,2,0
25.0,12.5,3.0,0,20,1,1,1,0,1,1,2,4,6,1
36.67,2.0,0.25,0,221,1,1,0,0,1,2,2,4,3,0
16.25,0.0,0.25,0,60,1,1,0,0,0,2,1,4,6,0
24.75,3.0,1.835,19,0,501,0,1,1,0,2,2,8,11,1
29.25,13.0,0.5,0,228,1,1,0,0,0,2,2,8,2,0
20.0,7.0,0.5,0,0,1,1,0,0,0,2,2,4,8,0
16.0,0.165,1.0,2,320,2,0,0,1,1,2,2,4,6,0
31.33,19.5,7.0,16,0,5001,1,1,1,0,2,2,4,8,1
17.08,0.085,0.04,0,140,723,1,0,0,0,2,1,4,8,0
30.17,6.5,3.125,8,330,1201,1,1,1,0,2,2,4,13,1
27.42,12.5,0.25,0,720,1,1,0,0,1,2,2,5,6,0
41.5,1.54,3.5,0,216,1,1,0,0,0,2,2,5,3,1
38.75,1.5,0.0,0,76,1,0,0,0,0,2,2,1,1,0
48.17,1.335,0.335,0,0,121,0,0,0,0,2,2,7,3,0
42.75,3.0,1.0,0,0,201,1,1,0,0,2,2,5,3,0
34.17,9.17,4.5,12,0,222,1,1,1,1,2,2,4,8,1
24.5,2.415,0.0,0,120,1,0,0,0,0,2,1,4,8,0
44.33,0.0,2.5,0,0,1,0,1,0,0,2,2,4,8,1
48.33,12.0,16.0,0,110,1,1,1,0,0,1,2,4,7,1
39.92,5.0,0.21,0,550,1,1,0,0,0,2,2,5,3,0
51.42,0.04,0.04,0,0,3001,1,1,0,0,2,2,8,14,1
51.83,3.0,1.5,0,180,5,1,0,0,0,2,1,1,1,0
40.58,1.5,0.0,0,300,1,1,0,0,0,1,2,5,3,0
48.75,26.335,0.0,0,0,1,1,1,0,1,2,1,1,1,0
36.75,0.125,1.5,0,232,114,1,0,0,1,2,1,4,8,1
25.17,6.0,1.0,3,0,1,1,1,1,0,2,2,4,8,1
17.33,9.5,1.75,10,0,11,0,0,1,1,2,2,4,6,0
34.42,4.25,3.25,2,274,611,1,1,1,0,2,2,5,3,1
23.5,3.165,0.415,1,280,81,1,0,1,1,2,1,4,4,0
25.17,3.0,1.25,1,0,23,1,0,1,0,2,2,4,8,0
27.0,0.75,4.25,3,312,151,1,1,1,1,2,2,8,8,1
32.42,3.0,0.165,0,120,1,1,0,0,1,2,2,4,2,0
21.92,0.5,0.125,0,360,1,1,0,0,0,2,2,4,8,0
28.92,0.375,0.29,0,220,141,1,0,0,0,2,2,4,8,0
31.67,0.83,1.335,8,303,3291,1,1,1,1,2,2,4,14,1
22.67,7.0,0.165,0,160,1,0,0,0,0,2,2,4,8,0
29.5,1.085,1.0,0,280,14,0,0,0,0,2,1,4,14,0
33.17,3.04,2.04,1,180,18028,1,1,1,1,2,1,8,8,1
22.17,0.585,0.0,0,100,1,1,0,0,0,2,1,1,1,0
22.67,0.75,2.0,2,200,395,0,0,1,1,2,2,4,8,0
28.25,5.04,1.5,8,144,8,1,1,1,1,2,1,5,8,1
23.33,11.625,0.835,0,160,301,1,1,0,1,2,1,4,9,1
18.92,9.25,1.0,4,80,501,0,1,1,1,2,1,4,8,1
31.67,16.165,3.0,9,250,731,1,1,1,0,2,2,4,2,1
30.17,1.085,0.04,0,170,180,1,0,0,0,2,1,4,8,0
18.25,10.0,1.0,1,120,2,0,0,1,0,2,2,4,9,0
54.83,15.5,0.0,20,152,131,1,1,1,0,2,2,9,10,0
42.75,4.085,0.04,0,108,101,1,0,0,0,2,2,4,6,0
21.5,9.75,0.25,0,140,1,1,1,0,0,2,2,4,8,0
20.83,3.0,0.04,0,100,1,0,1,0,0,2,2,4,6,1
20.5,2.415,2.0,11,200,3001,1,1,1,1,2,2,4,8,1
22.0,0.79,0.29,1,420,284,1,0,1,0,2,2,4,9,0
17.92,10.21,0.0,0,0,51,0,0,0,0,2,2,1,1,0
26.83,0.54,0.0,0,100,1,1,0,0,0,2,2,1,4,0
28.25,0.875,0.96,3,396,1,1,1,1,1,2,2,4,7,1
20.67,1.25,1.375,3,140,211,1,1,1,1,2,1,8,8,0
47.17,5.835,5.5,0,465,151,1,0,0,0,2,2,4,9,0
71.58,0.0,0.0,0,184,1,0,0,0,0,3,2,4,8,1
41.0,0.04,0.04,1,560,1,1,0,1,0,1,2,4,10,1
13.75,4.0,1.75,2,120,1001,1,1,1,1,2,1,4,9,1
35.58,0.75,1.5,0,231,1,1,0,0,1,2,2,4,4,0
33.58,0.25,4.0,0,420,1,1,0,0,1,1,2,5,3,0
37.33,2.665,0.165,0,0,502,1,0,0,1,2,2,4,13,0
25.67,3.25,2.29,1,416,22,1,0,1,1,2,2,8,8,0
25.25,1.0,0.5,0,200,1,1,0,0,0,2,2,4,6,0
64.08,20.0,17.5,9,0,1001,1,1,1,1,2,2,8,14,1
16.33,0.21,0.125,0,200,2,0,0,0,0,2,2,4,6,0
58.58,2.71,2.415,0,320,1,1,0,0,1,2,2,4,8,0
28.75,1.5,1.5,0,0,226,1,1,0,1,2,1,4,8,0
27.58,3.25,5.085,2,369,2,1,0,1,1,2,1,8,11,0
29.42,1.25,0.25,2,400,109,1,0,1,1,2,2,8,8,0
22.67,0.165,2.25,0,0,1,1,0,0,1,1,2,3,8,1
20.83,0.5,1.0,0,260,1,0,0,0,0,2,1,2,10,0
39.08,6.0,1.29,5,108,1098,1,1,1,1,2,2,4,7,1
23.5,9.0,8.5,5,120,1,0,1,1,1,2,2,4,11,1
26.67,14.585,0.0,0,178,1,1,0,0,1,2,2,5,3,0
29.25,14.79,5.04,5,168,1,1,1,1,1,2,2,4,6,1
19.17,5.415,0.29,0,80,485,0,0,0,0,2,2,8,3,0
33.25,3.0,2.0,0,180,1,0,0,0,0,2,1,4,6,0
25.92,0.875,0.375,2,174,4,1,0,1,1,2,2,4,4,0
57.08,19.5,5.5,7,0,3001,0,1,1,0,2,2,4,8,1
25.75,0.5,1.46,5,312,1,1,1,1,1,2,2,4,8,1
32.0,1.75,0.04,0,393,1,1,1,0,1,2,1,8,10,1
21.08,4.125,0.04,0,140,101,1,0,0,0,2,1,8,3,0
30.5,6.5,4.0,7,0,3066,0,1,1,1,2,2,5,8,1
27.83,4.0,5.75,2,75,1,1,1,1,1,2,1,8,3,0
28.58,3.75,0.25,1,40,155,0,0,1,1,2,2,4,8,0
18.08,0.375,10.0,0,300,1,0,0,0,1,1,3,1,13,1
16.5,0.125,0.165,0,132,1,1,0,0,0,2,2,4,8,0
22.58,10.75,0.415,5,0,561,0,1,1,1,2,2,4,11,1
37.5,1.125,1.5,0,431,1,1,0,0,1,2,1,4,2,1
25.67,12.5,1.21,67,140,259,1,1,1,1,2,2,4,13,1
25.0,0.875,1.04,0,160,5861,0,1,0,1,2,2,8,14,1
39.0,5.0,3.5,10,0,1,1,1,1,1,2,2,4,13,1
48.58,0.205,0.25,11,380,2733,1,1,1,0,2,1,4,4,1
21.5,6.0,2.5,3,80,919,0,1,1,0,2,2,4,6,1
28.08,15.0,0.0,0,0,13213,0,1,0,0,2,1,9,10,1
20.67,3.0,0.165,3,100,7,0,1,1,0,2,2,4,11,1
18.83,0.415,0.165,1,200,2,1,0,1,0,2,1,4,8,0
21.83,1.54,0.085,0,356,1,1,0,0,1,2,2,4,4,0
30.83,0.0,1.25,1,202,1,1,1,1,0,2,2,4,9,1
28.0,3.0,0.75,0,300,68,1,0,0,1,2,2,4,9,0
34.25,3.0,7.415,0,0,1,1,1,0,1,2,2,8,13,1
23.17,0.0,0.0,0,184,1,1,0,0,0,3,2,4,8,1
18.0,0.165,0.21,0,200,41,1,0,0,0,2,2,7,11,1
34.5,4.04,8.5,7,195,1,1,1,1,1,2,1,5,3,1
22.5,8.46,2.46,0,164,1,0,0,0,0,2,1,4,14,1
20.67,1.835,2.085,5,220,2504,0,1,1,0,2,2,4,11,1
20.75,5.085,0.29,0,140,185,1,0,0,0,2,1,4,5,0
29.75,0.665,0.25,0,300,1,0,0,0,1,2,2,4,9,0
18.17,10.25,1.085,0,320,14,1,0,0,0,2,2,8,8,0
36.67,4.415,0.25,10,320,1,1,1,1,1,2,1,4,4,1
68.67,15.0,0.0,14,0,3377,0,1,1,0,2,2,9,10,1
47.67,2.5,2.5,12,410,2511,1,1,1,1,2,2,5,7,1
31.57,3.0,7.0,0,0,2,1,0,0,0,2,1,5,3,0
33.67,2.165,1.5,0,120,1,1,0,0,0,3,2,4,8,0
23.42,0.585,0.085,0,180,1,1,1,0,0,2,2,8,8,0
33.17,1.04,6.5,0,164,31286,1,1,0,1,2,2,8,12,1
39.17,1.71,0.125,5,480,1,1,1,1,1,2,2,4,14,1
17.67,4.46,0.25,0,80,1,1,0,0,0,1,2,4,8,0
41.92,0.42,0.21,6,220,949,1,1,1,0,2,2,8,8,1
22.08,0.83,2.165,0,128,1,1,0,0,1,2,2,8,8,1
32.67,9.0,5.25,0,154,1,1,1,0,1,2,1,8,9,1
32.17,1.46,1.085,16,120,2080,0,1,1,0,2,2,4,9,1
28.17,0.375,0.585,4,80,1,0,1,1,0,2,2,4,11,1
33.92,1.585,0.0,0,320,1,0,1,0,0,2,1,1,1,0
35.25,3.165,3.75,0,680,1,1,1,0,1,2,2,8,14,0
21.58,0.79,0.665,0,160,1,1,0,0,0,2,1,4,13,0
18.17,10.0,0.165,0,340,1,0,0,0,0,2,1,8,11,0
22.83,2.29,2.29,7,140,2385,0,1,1,1,2,2,8,11,1
29.17,3.5,3.5,3,329,1,1,1,1,1,2,2,4,9,0
34.17,2.75,2.5,0,232,201,1,0,0,1,2,2,5,3,0
22.67,0.335,0.75,0,160,1,0,0,0,0,1,2,4,11,0
35.75,2.415,0.125,2,220,2,1,0,1,0,2,2,4,9,0
28.5,1.0,1.0,2,167,501,0,1,1,1,2,2,4,11,0
45.0,8.5,14.0,1,88,2001,1,1,1,1,2,2,8,13,1
39.08,4.0,3.0,0,480,1,0,0,0,0,2,2,4,8,0
32.33,7.5,1.585,0,420,1,1,1,0,1,1,2,5,10,0
39.42,1.71,0.165,0,400,1,1,0,0,0,1,1,4,7,0
20.08,0.25,0.125,0,200,1,1,0,0,0,2,2,4,11,0
31.08,1.5,0.04,0,160,1,1,0,0,0,1,1,4,9,0
26.33,13.0,0.0,0,140,1111,1,0,0,1,2,2,2,10,0
19.0,1.75,2.335,0,112,7,1,0,0,1,2,1,4,8,0
20.25,9.96,0.0,0,0,1,1,1,0,0,2,2,2,10,1
22.5,11.5,1.5,0,0,4001,1,0,0,1,2,1,4,7,0
31.57,4.0,0.085,0,411,1,1,0,0,1,2,1,4,3,0
27.42,14.5,3.085,1,120,12,0,1,1,0,2,2,8,14,1
52.5,6.5,6.29,15,0,11203,1,1,1,0,2,2,4,4,1
24.5,13.335,0.04,0,120,476,1,0,0,1,2,1,4,6,0
34.0,5.085,1.085,0,480,1,1,0,0,1,2,1,5,3,0
20.42,7.0,1.625,3,200,1392,1,1,1,0,2,2,4,8,1
22.67,2.54,2.585,0,0,1,1,1,0,0,2,1,8,8,1
23.58,0.46,2.625,6,208,348,1,1,1,1,2,1,4,9,0
22.67,1.585,3.085,6,80,1,1,1,1,0,2,1,4,9,1
23.25,1.0,0.835,0,300,1,1,1,0,0,1,2,4,8,1
23.75,0.415,0.04,2,128,7,1,0,1,0,2,1,4,8,0
25.67,0.29,1.5,0,160,1,1,0,0,1,2,1,4,8,0
24.42,12.335,1.585,0,120,1,1,1,0,1,2,2,8,11,1
35.75,0.915,0.75,4,0,1584,0,1,1,0,2,2,4,6,1
19.5,9.585,0.79,0,80,351,1,0,0,0,2,2,4,6,0
54.42,0.5,3.96,0,180,315,1,1,0,0,2,1,8,4,1
49.83,13.585,8.5,0,0,1,0,1,0,1,2,2,8,4,1
21.0,4.79,2.25,1,80,301,1,1,1,1,2,1,4,9,1
18.42,10.415,0.125,0,120,376,1,1,0,0,2,1,4,6,0
52.33,1.375,9.46,0,200,101,1,1,0,1,2,1,8,8,0
32.33,2.5,1.25,0,280,1,1,0,0,1,2,2,4,8,0
19.58,0.585,0.0,3,350,770,1,0,1,0,2,2,1,1,0
60.92,5.0,4.0,4,0,100,0,1,1,0,2,2,4,6,1
25.33,0.58,0.29,7,96,5125,1,1,1,1,2,2,4,8,1
30.67,12.0,2.0,1,220,20,0,1,1,0,2,2,4,8,1
41.33,0.0,15.0,0,0,1,1,1,0,0,2,2,5,8,1
27.83,1.5,2.0,11,434,36,1,1,1,1,2,2,4,9,1
52.17,0.0,0.0,0,0,1,0,0,0,0,2,1,1,1,0
27.58,3.0,2.79,1,280,11,0,0,1,1,2,2,4,7,0
29.5,2.0,2.0,0,256,18,0,0,0,0,2,1,8,10,0
26.17,12.5,1.25,0,0,18,1,0,0,1,2,1,8,4,0
20.83,8.5,0.165,0,0,352,0,0,0,0,2,2,4,8,0
40.83,3.5,0.5,0,1160,1,0,0,0,0,1,2,5,3,0
32.25,0.165,3.25,1,432,8001,1,1,1,1,2,1,8,8,1
41.17,6.5,0.5,3,145,1,0,1,1,1,2,2,4,11,1
19.17,9.5,1.5,0,120,2207,1,1,0,0,2,2,4,9,1
54.58,9.415,14.415,11,30,301,1,1,1,1,2,2,1,1,1
34.0,4.5,1.0,0,240,1,1,1,0,1,2,2,4,6,0
64.08,0.165,0.0,1,232,101,0,1,1,0,2,2,1,1,1
20.42,1.085,1.5,0,108,8,1,0,0,0,2,2,4,11,0
21.17,0.25,0.25,0,280,205,1,0,0,0,2,1,8,8,0
46.67,0.46,0.415,11,440,7,0,1,1,1,2,2,8,13,1
18.58,5.71,0.54,0,120,1,1,0,0,0,2,2,4,2,0
39.17,2.5,10.0,0,200,1,1,0,0,1,1,1,8,3,0
24.17,0.875,4.625,2,520,2001,1,1,1,1,2,2,4,11,1
20.5,10.0,2.5,0,40,1,1,1,0,0,1,1,4,8,1
31.57,1.5,0.0,2,200,106,0,0,1,1,2,2,1,1,0
19.17,0.585,0.585,0,160,1,0,1,0,1,2,1,4,6,0
23.92,1.5,1.875,6,200,328,1,1,1,0,2,2,8,2,1
38.17,10.125,2.5,6,520,197,1,1,1,0,2,2,4,14,1
32.92,2.5,1.75,2,720,1,1,0,1,1,2,2,4,6,0
29.5,0.58,0.29,1,340,2804,1,0,1,0,2,2,4,9,0
39.25,9.5,6.5,14,240,4608,1,1,1,0,2,2,4,7,1
33.75,2.75,0.0,0,180,1,1,0,0,0,2,2,5,3,0
34.0,5.5,1.5,0,60,1,1,0,0,1,2,1,4,8,0
20.0,0.0,0.5,0,144,1,1,0,0,0,2,2,4,2,0
35.17,25.125,1.625,1,515,501,1,1,1,1,2,2,8,14,1
48.08,3.75,1.0,0,100,3,1,0,0,0,2,2,5,3,0
19.33,9.5,1.0,0,60,401,1,1,0,1,2,2,4,11,1
69.17,9.0,4.0,1,70,7,1,0,1,0,2,2,1,1,0
27.83,1.5,2.25,1,100,4,1,0,1,1,2,2,4,9,0
28.75,3.75,1.085,1,371,1,0,1,1,1,2,2,4,8,1
50.08,12.54,2.29,3,156,1,0,1,1,1,2,2,4,6,1
24.33,6.625,5.5,0,100,1,1,1,0,1,1,1,4,2,1
36.42,0.75,0.585,0,240,4,1,0,0,0,2,1,4,2,0
21.17,0.875,0.25,0,280,205,1,0,0,0,2,1,8,8,0
26.67,1.75,1.0,5,160,5778,1,1,1,1,2,1,4,8,1
32.83,2.5,2.75,6,160,2073,1,1,1,0,2,2,8,13,1
28.17,0.585,0.04,0,260,1005,0,0,0,0,2,2,4,6,0
27.67,1.5,2.0,0,368,1,0,1,0,0,1,2,4,7,0
27.0,1.5,0.375,0,260,1066,1,1,0,1,2,1,4,9,1
18.58,10.29,0.415,0,80,1,1,0,0,0,2,2,1,1,0
56.83,4.25,5.0,0,0,5,0,0,0,1,2,1,1,1,0
51.92,6.5,3.085,0,73,1,0,0,0,1,2,2,5,3,0
16.08,0.335,0.0,1,160,127,0,0,1,0,2,2,1,1,0
20.17,9.25,1.665,3,40,29,1,1,1,1,2,2,4,8,1
33.17,2.25,3.5,0,200,142,0,0,0,1,2,1,4,13,0
22.17,12.125,3.335,2,180,174,1,0,1,1,2,2,4,8,0
51.83,2.04,1.5,0,120,2,1,0,0,0,2,1,1,1,0
24.75,12.5,1.5,12,120,568,0,1,1,1,2,2,4,6,1
18.83,4.415,3.0,0,240,1,0,1,0,0,2,1,8,8,1
28.5,3.04,2.54,1,70,1,0,1,1,0,2,1,8,14,1
39.83,0.5,0.25,0,288,1,1,1,0,0,1,2,4,7,0
41.33,1.0,2.25,0,0,301,0,1,0,1,2,2,5,3,1
34.58,0.0,0.0,0,184,1,1,0,0,0,3,2,4,8,0
19.67,10.0,0.835,0,140,1,1,1,0,1,2,1,8,4,0
24.58,0.67,1.75,0,400,1,0,1,0,0,2,2,8,6,0
16.92,0.335,0.29,0,200,1,1,0,0,0,1,1,4,4,0
15.17,7.0,1.0,0,600,1,1,0,0,0,2,2,4,10,0
21.33,7.5,1.415,1,80,9801,1,1,1,0,2,2,4,6,1
33.5,1.75,4.5,4,253,858,1,1,1,1,2,2,8,14,1
28.58,3.625,0.25,0,100,1,1,0,0,1,2,2,4,6,0
38.92,1.665,0.25,0,0,391,0,0,0,0,2,2,4,6,0
29.5,0.46,0.54,4,380,501,0,1,1,0,2,2,4,4,1
22.92,11.585,0.04,0,80,1350,0,1,0,0,2,2,4,13,1
30.58,2.71,0.125,0,80,1,1,0,0,1,1,1,4,7,0
